origin,dest,count,year
7,19,7610,2026
8,19,35,2026
17,19,25,2026
1,20,20,2026
7,20,3015,2026
8,20,5,2026
1,21,15,2026
4,21,10,2026
7,21,4895,2026
8,21,405,2026
9,21,555,2026
14,21,15,2026
15,21,115,2026
16,21,30,2026
17,21,135,2026
18,21,55,2026
1,22,15,2026
7,22,4135,2026
8,22,130,2026
9,22,520,2026
14,22,100,2026
15,22,70,2026
16,22,50,2026
17,22,170,2026
18,22,220,2026
2,23,5,2026
7,23,1785,2026
8,23,10,2026
9,23,60,2026
13,23,5,2026
16,23,10,2026
17,23,65,2026
2,24,1270,2026
7,24,7785,2026
8,24,190,2026
9,24,670,2026
13,24,15,2026
14,24,50,2026
15,24,100,2026
16,24,100,2026
17,24,80,2026
18,24,5,2026
7,25,2255,2026
8,25,25,2026
9,25,50,2026
7,26,3350,2026
8,26,35,2026
1,27,15,2026
2,27,19982,2026
7,27,10,2026
13,27,118,2026
1,28,5340,2026
2,28,15123,2026
3,28,122,2026
5,28,257,2026
7,28,8360,2026
9,28,36,2026
13,28,7992,2026
14,28,80,2026
15,28,400,2026
2,29,3865,2026
7,29,315,2026
15,29,150,2026
1,30,3034,2026
2,30,92024,2026
7,30,8231,2026
9,30,15,2026
13,30,2605,2026
14,30,80,2026
1,31,4570,2026
2,31,58879,2026
7,31,63534,2026
8,31,355,2026
9,31,290,2026
13,31,8348,2026
14,31,260,2026
15,31,191,2026
16,31,10,2026
18,31,60,2026
1,32,1360,2026
2,32,41477,2026
5,32,100,2026
7,32,1210,2026
9,32,50,2026
13,32,260,2026
15,32,65,2026
18,32,20,2026
1,33,60,2026
2,33,8585,2026
7,33,3441,2026
13,33,160,2026
3,34,11170,2026
7,34,177,2026
8,34,1993,2026
16,34,58870,2026
1,35,35,2026
3,35,32102,2026
7,35,85,2026
8,35,160,2026
14,35,58,2026
3,36,74680,2026
7,36,205,2026
8,36,6773,2026
14,36,7500,2026
15,36,30,2026
1,37,62,2026
3,37,28750,2026
7,37,81,2026
8,37,178,2026
14,37,55,2026
3,38,54558,2026
7,38,1050,2026
8,38,111577,2026
14,38,2680,2026
3,39,57625,2026
7,39,165,2026
8,39,1201,2026
14,39,4035,2026
15,39,3425,2026
16,39,1750,2026
17,39,360,2026
1,40,75,2026
3,40,82200,2026
7,40,84,2026
8,40,413,2026
14,40,410,2026
16,40,3508,2026
3,41,131479,2026
7,41,1590,2026
8,41,65894,2026
14,41,23207,2026
16,41,1500,2026
1,42,50,2026
3,42,210858,2026
7,42,332,2026
8,42,3974,2026
9,42,23,2026
14,42,36,2026
16,42,4500,2026
17,42,80,2026
1,43,500,2026
4,43,693,2026
7,43,38006,2026
8,43,49,2026
9,43,236,2026
14,43,1560,2026
15,43,175,2026
17,43,926,2026
1,44,207,2026
2,44,20,2026
4,44,8761,2026
7,44,30761,2026
8,44,634,2026
9,44,254,2026
13,44,178,2026
17,44,37,2026
1,45,30,2026
2,45,70,2026
3,45,1000,2026
4,45,84702,2026
7,45,44152,2026
8,45,25715,2026
9,45,8276,2026
14,45,69751,2026
15,45,990,2026
17,45,237,2026
3,46,326,2026
4,46,649,2026
7,46,42621,2026
8,46,336,2026
9,46,76,2026
14,46,3570,2026
15,46,100,2026
17,46,4472,2026
4,47,15012,2026
7,47,33750,2026
14,47,10550,2026
17,47,40,2026
1,48,410,2026
2,48,115,2026
4,48,19967,2026
7,48,1965,2026
8,48,1809,2026
9,48,492,2026
13,48,300,2026
14,48,4579,2026
4,49,14750,2026
7,49,44500,2026
8,49,811,2026
14,49,2002,2026
15,49,38,2026
17,49,349,2026
4,50,7012,2026
7,50,59555,2026
8,50,31831,2026
14,50,112424,2026
16,50,25,2026
4,51,5939,2026
7,51,58935,2026
8,51,1858,2026
9,51,120,2026
14,51,9531,2026
17,51,76,2026
1,52,673,2026
2,52,100,2026
3,52,45,2026
7,52,303,2026
8,52,145,2026
13,52,60,2026
15,52,150,2026
16,52,118,2026
17,52,10,2026
7,53,125,2026
13,53,37,2026
7,54,545,2026
1,55,4783,2026
7,55,15570,2026
8,55,50,2026
13,55,4141,2026
14,55,100,2026
1,56,600,2026
7,56,920,2026
9,56,5,2026
13,56,270,2026
15,56,75,2026
1,57,1905,2026
7,57,1135,2026
8,57,115,2026
13,57,285,2026
14,57,20,2026
15,57,270,2026
1,58,2315,2026
2,58,3505,2026
7,58,8585,2026
8,58,545,2026
1,59,977,2026
5,59,45,2026
7,59,906,2026
8,59,308,2026
13,59,110,2026
7,60,6896,2026
1,61,225,2026
2,61,500,2026
3,61,200,2026
4,61,600,2026
5,61,350,2026
7,61,4655,2026
8,61,400,2026
9,61,150,2026
13,61,400,2026
14,61,1600,2026
15,61,10,2026
16,61,1000,2026
17,61,500,2026
1,62,21485,2026
2,62,355,2026
7,62,84693,2026
8,62,3140,2026
9,62,565,2026
13,62,8301,2026
1,63,1071,2026
2,63,60,2026
3,63,190,2026
4,63,430,2026
7,63,2212,2026
8,63,670,2026
9,63,90,2026
12,63,50,2026
13,63,70,2026
14,63,70,2026
15,63,90,2026
17,63,30,2026
18,63,40,2026
1,64,4665,2026
7,64,7949,2026
1,65,3357,2026
7,65,5078,2026
8,65,700,2026
9,65,75,2026
13,65,300,2026
1,66,580,2026
6,66,5960,2026
7,66,805,2026
1,67,410,2026
7,67,270,2026
1,68,925,2026
7,68,1685,2026
9,68,255,2026
1,69,1505,2026
7,69,2885,2026
13,69,35,2026
1,70,1090,2026
7,70,260,2026
1,71,300,2026
6,71,80,2026
7,71,1697,2026
1,72,970,2026
6,72,500,2026
7,72,1290,2026
1,73,1050,2026
7,73,550,2026
1,74,105,2026
3,74,15,2026
7,74,18526,2026
8,74,535,2026
9,74,915,2026
15,74,170,2026
17,74,375,2026
18,74,90,2026
1,75,515,2026
7,75,21873,2026
8,75,937,2026
9,75,4908,2026
14,75,5,2026
15,75,243,2026
16,75,6,2026
17,75,380,2026
18,75,222,2026
1,76,2949,2026
2,76,5,2026
3,76,2325,2026
4,76,1140,2026
7,76,62600,2026
8,76,16655,2026
9,76,22144,2026
12,76,10,2026
13,76,1041,2026
14,76,2152,2026
15,76,2082,2026
16,76,643,2026
17,76,2798,2026
18,76,902,2026
1,77,4739,2026
7,77,24948,2026
8,77,30,2026
9,77,257,2026
13,77,55,2026
15,77,465,2026
17,77,385,2026
1,78,4300,2026
2,78,15,2026
3,78,292,2026
4,78,1640,2026
7,78,28929,2026
8,78,11452,2026
9,78,28733,2026
13,78,160,2026
14,78,763,2026
15,78,4095,2026
16,78,1600,2026
17,78,3372,2026
18,78,1565,2026
1,79,965,2026
2,79,500,2026
7,79,30646,2026
8,79,8195,2026
9,79,10202,2026
13,79,50,2026
14,79,680,2026
15,79,2065,2026
17,79,2385,2026
18,79,500,2026
7,80,100,2026
8,80,171453,2026
7,81,25,2026
8,81,37015,2026
14,81,165,2026
4,82,3908,2026
7,82,2886,2026
8,82,5422,2026
9,82,2649,2026
14,82,2862,2026
16,82,35,2026
8,83,106246,2026
3,84,300,2026
7,84,20,2026
8,84,7300,2026
14,84,245,2026
16,84,420,2026
8,85,5473,2026
15,85,5,2026
4,86,3,2026
8,86,142521,2026
14,86,23312,2026
3,87,2970,2026
7,87,1850,2026
8,87,116705,2026
14,87,2165,2026
16,87,5700,2026
7,88,70,2026
8,88,21863,2026
14,88,470,2026
7,89,20,2026
8,89,11735,2026
14,89,115,2026
16,89,15,2026
3,90,20,2026
7,90,365,2026
8,90,148910,2026
14,90,150,2026
16,90,10,2026
8,91,66903,2026
14,91,45,2026
3,92,19087,2026
7,92,850,2026
8,92,39923,2026
14,92,4285,2026
16,92,4560,2026
3,93,4638,2026
7,93,715,2026
8,93,693073,2026
14,93,8809,2026
3,94,10,2026
7,94,30,2026
8,94,21067,2026
14,94,65,2026
8,95,31015,2026
2,58,519,2026
7,58,21368,2026
9,58,16530,2026
15,58,7151,2026
17,58,94,2026
1,97,70,2026
7,97,13388,2026
9,97,2170,2026
7,98,5900,2026
9,98,2455,2026
17,98,198,2026
7,99,5763,2026
9,99,3499,2026
11,99,10,2026
12,99,5,2026
14,99,5,2026
15,99,50,2026
17,99,1650,2026
18,99,5,2026
2,100,176,2026
3,100,756,2026
4,100,61,2026
7,100,6152,2026
8,100,3667,2026
9,100,50421,2026
14,100,614,2026
15,100,26440,2026
16,100,235,2026
17,100,11140,2026
18,100,150,2026
7,101,2938,2026
9,101,1030,2026
7,102,12089,2026
9,102,200,2026
1,103,5,2026
2,103,297,2026
5,103,20,2026
7,103,12702,2026
9,103,9183,2026
15,103,11970,2026
17,103,135,2026
1,104,3465,2026
3,104,180,2026
7,104,57995,2026
8,104,40228,2026
9,104,11761,2026
13,104,334,2026
14,104,5,2026
15,104,1005,2026
16,104,50,2026
17,104,432,2026
1,105,1467,2026
7,105,27757,2026
8,105,609,2026
9,105,175,2026
13,105,50,2026
15,105,3947,2026
16,105,55,2026
17,105,15,2026
18,105,5,2026
1,106,901,2026
7,106,43798,2026
8,106,1055,2026
9,106,652,2026
13,106,110,2026
14,106,5,2026
18,106,105,2026
1,107,1065,2026
5,107,95,2026
7,107,29874,2026
8,107,358,2026
9,107,691,2026
10,107,475,2026
12,107,10,2026
13,107,446,2026
14,107,54,2026
15,107,5,2026
17,107,15,2026
18,107,55,2026
1,108,7481,2026
6,108,5,2026
7,108,63265,2026
8,108,2620,2026
9,108,2110,2026
10,108,342,2026
13,108,1681,2026
14,108,5,2026
15,108,90,2026
16,108,125,2026
17,108,10,2026
18,108,165,2026
1,109,4995,2026
5,109,285,2026
6,109,250,2026
7,109,33572,2026
8,109,715,2026
9,109,360,2026
10,109,1879,2026
12,109,10,2026
13,109,2185,2026
14,109,375,2026
18,109,90,2026
1,110,498,2026
7,110,98795,2026
8,110,430,2026
9,110,88,2026
10,110,2180,2026
13,110,390,2026
11,111,99,2026
1,112,30,2026
7,112,5,2026
11,112,1117,2026
13,112,5,2026
1,113,190,2026
2,113,10,2026
7,113,665,2026
8,113,15,2026
11,113,855,2026
13,113,145,2026
14,113,10,2026
18,113,10,2026
7,114,102,2026
9,114,20,2026
11,114,273,2026
15,114,5,2026
1,115,475,2026
2,115,185,2026
3,115,10,2026
5,115,40,2026
7,115,650,2026
8,115,30,2026
11,115,2640,2026
13,115,220,2026
15,115,5,2026
16,115,5,2026
11,116,196,2026
1,117,3276,2026
2,117,102,2026
3,117,62,2026
4,117,145,2026
5,117,130,2026
6,117,16,2026
7,117,38383,2026
8,117,9402,2026
9,117,6518,2026
11,117,11128,2026
12,117,120,2026
13,117,2188,2026
14,117,2656,2026
15,117,4335,2026
16,117,137,2026
17,117,815,2026
18,117,237,2026
1,118,50,2026
3,118,5,2026
7,118,314,2026
8,118,79,2026
9,118,62,2026
10,118,5,2026
11,118,370,2026
13,118,20,2026
14,118,16,2026
1,119,365,2026
2,119,15,2026
3,119,25,2026
4,119,5,2026
7,119,2121,2026
8,119,522,2026
9,119,315,2026
11,119,592,2026
13,119,55,2026
14,119,70,2026
15,119,14,2026
16,119,15,2026
17,119,30,2026
18,119,15,2026
1,120,10,2026
7,120,35,2026
8,120,75,2026
9,120,5,2026
11,120,5985,2026
13,120,55,2026
14,120,5,2026
15,120,5,2026
18,120,20,2026
1,121,2756,2026
7,121,40705,2026
8,121,879,2026
9,121,160,2026
12,121,1660,2026
13,121,130,2026
15,121,40,2026
18,121,30,2026
1,122,320,2026
3,122,73,2026
4,122,68,2026
7,122,46940,2026
8,122,1740,2026
9,122,879,2026
12,122,1745,2026
13,122,85,2026
14,122,75,2026
15,122,45,2026
7,123,2220,2026
9,123,10,2026
1,124,1652,2026
3,124,75,2026
4,124,5,2026
7,124,49285,2026
8,124,752,2026
9,124,560,2026
12,124,1344,2026
13,124,15,2026
15,124,210,2026
16,124,75,2026
17,124,27,2026
1,125,2212,2026
3,125,35,2026
7,125,56877,2026
8,125,2281,2026
9,125,192,2026
13,125,2125,2026
14,125,35,2026
15,125,210,2026
1,126,6299,2026
2,126,35,2026
7,126,55261,2026
8,126,955,2026
9,126,664,2026
13,126,4002,2026
15,126,18,2026
1,127,1665,2026
3,127,30,2026
7,127,55885,2026
8,127,16,2026
9,127,1323,2026
12,127,2425,2026
14,127,149,2026
16,127,540,2026
1,128,44,2026
2,128,34,2026
4,128,15,2026
7,128,337,2026
8,128,30,2026
9,128,41,2026
13,128,957,2026
14,128,25,2026
1,129,46,2026
2,129,3220,2026
5,129,12,2026
7,129,178,2026
9,129,35,2026
13,129,12,2026
14,129,18,2026
17,129,13,2026
18,129,28,2026
1,130,1852,2026
2,130,179,2026
7,130,5531,2026
13,130,313,2026
1,131,568,2026
2,131,1090,2026
7,131,3201,2026
8,131,549,2026
9,131,276,2026
13,131,394,2026
14,131,10,2026
15,131,191,2026
18,131,25,2026
1,13,1128,2026
2,13,14,2026
7,13,2264,2026
8,13,20,2026
9,13,15,2026
13,13,50,2026
1,133,293,2026
7,133,1192,2026
13,133,10,2026
1,134,1846,2026
2,134,740,2026
3,134,10,2026
7,134,8834,2026
8,134,10,2026
9,134,64,2026
13,134,879,2026
14,134,65,2026
15,134,10,2026
16,134,10,2026
17,134,140,2026
8,135,248,2026
14,135,41471,2026
8,136,5509,2026
14,136,3860,2026
15,136,50,2026
3,137,1025,2026
8,137,47,2026
14,137,18144,2026
3,138,750,2026
4,138,900,2026
7,138,1700,2026
8,138,721,2026
14,138,65528,2026
16,138,500,2026
3,139,1326,2026
4,139,2109,2026
8,139,255,2026
14,139,459485,2026
15,139,20,2026
16,139,1445,2026
17,139,27,2026
1,140,60,2026
3,140,2100,2026
4,140,800,2026
7,140,9655,2026
8,140,5070,2026
14,140,133644,2026
16,140,3000,2026
17,140,66,2026
1,141,40,2026
4,141,993,2026
7,141,145,2026
8,141,44,2026
14,141,6673,2026
15,141,41,2026
17,141,21,2026
3,142,2304,2026
7,142,1251,2026
8,142,968,2026
14,142,23075,2026
16,142,250,2026
4,143,11628,2026
8,143,163,2026
14,143,136547,2026
3,144,1900,2026
7,144,5,2026
8,144,794,2026
14,144,136305,2026
18,144,12,2026
7,145,3520,2026
8,145,1489,2026
14,145,32656,2026
3,146,3760,2026
8,146,58,2026
9,146,15,2026
14,146,5368,2026
8,147,7875,2026
14,147,74251,2026
8,148,1118,2026
9,148,14,2026
14,148,28313,2026
4,149,778,2026
8,149,1865,2026
14,149,75139,2026
16,149,175,2026
8,150,5314,2026
14,150,319917,2026
16,150,9833,2026
3,151,1237,2026
7,151,252,2026
8,151,186,2026
14,151,29559,2026
3,152,650,2026
8,152,10346,2026
14,152,36618,2026
7,153,585,2026
8,153,714,2026
14,153,2537,2026
1,154,75,2026
7,154,300,2026
8,154,42,2026
14,154,21035,2026
17,154,77,2026
3,155,29,2026
14,155,4851,2026
1,156,950,2026
2,156,422,2026
4,156,15,2026
7,156,11548,2026
9,156,105,2026
14,156,60,2026
15,156,25645,2026
1,157,235,2026
2,157,55,2026
7,157,7821,2026
9,157,1385,2026
13,157,110,2026
15,157,46414,2026
17,157,180,2026
7,158,3611,2026
9,158,3344,2026
15,158,13153,2026
1,159,95,2026
2,159,5,2026
7,159,2566,2026
9,159,350,2026
13,159,5,2026
14,159,10,2026
15,159,5517,2026
16,159,10,2026
17,159,145,2026
7,160,205,2026
9,160,5,2026
15,160,10695,2026
17,160,95,2026
1,161,115,2026
7,161,1918,2026
9,161,80,2026
15,161,19222,2026
17,161,30,2026
15,162,22020,2026
17,162,45,2026
1,163,45,2026
3,163,282,2026
7,163,714,2026
9,163,280,2026
14,163,250,2026
15,163,345,2026
18,163,59,2026
7,164,375,2026
9,164,50,2026
15,164,7101,2026
7,165,4592,2026
9,165,20,2026
15,165,28582,2026
17,165,5120,2026
7,166,350,2026
9,166,55,2026
15,166,12283,2026
17,166,15,2026
7,167,800,2026
9,167,160,2026
15,167,14260,2026
17,167,375,2026
7,168,3069,2026
9,168,255,2026
14,168,5,2026
15,168,70889,2026
17,168,6437,2026
18,168,10,2026
1,169,280,2026
7,169,2545,2026
8,169,35,2026
9,169,215,2026
13,169,15,2026
14,169,10,2026
15,169,9794,2026
17,169,20,2026
18,169,10,2026
1,170,1075,2026
3,170,2755,2026
4,170,2555,2026
5,170,40,2026
7,170,39345,2026
8,170,17440,2026
9,170,800,2026
13,170,145,2026
14,170,10015,2026
15,170,90,2026
16,170,51365,2026
17,170,465,2026
18,170,85,2026
1,171,505,2026
7,171,1290,2026
8,171,15,2026
9,171,20,2026
13,171,15,2026
14,171,370,2026
16,171,2150,2026
18,171,35,2026
1,172,525,2026
3,172,6570,2026
4,172,290,2026
7,172,3700,2026
8,172,385,2026
14,172,2525,2026
16,172,11425,2026
3,173,405,2026
7,173,430,2026
8,173,85,2026
9,173,65,2026
14,173,545,2026
16,173,25530,2026
1,174,195,2026
3,174,175,2026
4,174,90,2026
7,174,830,2026
8,174,845,2026
9,174,25,2026
14,174,475,2026
16,174,51805,2026
1,175,120,2026
3,175,10240,2026
7,175,1355,2026
8,175,2220,2026
9,175,40,2026
14,175,1250,2026
15,175,15,2026
16,175,51805,2026
17,175,365,2026
3,176,40,2026
4,176,35,2026
7,176,230,2026
8,176,1380,2026
9,176,115,2026
14,176,370,2026
16,176,31132,2026
1,177,10,2026
7,177,380,2026
8,177,85,2026
9,177,35,2026
14,177,65,2026
16,177,32725,2026
1,178,390,2026
2,178,200,2026
3,178,45,2026
7,178,7777,2026
9,178,3210,2026
14,178,225,2026
15,178,4982,2026
17,178,19376,2026
18,178,150,2026
7,179,3550,2026
14,179,130,2026
17,179,18733,2026
7,180,8450,2026
17,180,13601,2026
1,181,35,2026
4,181,9410,2026
7,181,7587,2026
8,181,567,2026
9,181,1154,2026
13,181,40,2026
14,181,90,2026
17,181,59689,2026
7,182,55,2026
9,182,439,2026
15,182,40,2026
17,182,14905,2026
18,182,5,2026
2,183,35,2026
7,183,1029,2026
9,183,746,2026
15,183,4108,2026
17,183,17120,2026
3,184,420,2026
7,184,2825,2026
9,184,5,2026
17,184,8409,2026
2,185,6,2026
3,185,20,2026
7,185,15088,2026
8,185,301,2026
9,185,1123,2026
14,185,35,2026
15,185,324,2026
16,185,5,2026
17,185,64434,2026
4,186,64,2026
7,186,9678,2026
9,186,30,2026
14,186,25,2026
15,186,815,2026
17,186,27589,2026
1,187,35,2026
4,187,5,2026
7,187,1973,2026
9,187,1181,2026
15,187,895,2026
17,187,7168,2026
3,188,54,2026
4,188,3055,2026
7,188,764,2026
16,188,51,2026
17,188,21687,2026
4,189,1725,2026
7,189,4677,2026
8,189,3373,2026
9,189,819,2026
14,189,712,2026
17,189,10847,2026
4,190,516,2026
7,190,645,2026
9,190,160,2026
15,190,4103,2026
17,190,14304,2026
7,191,3540,2026
8,191,615,2026
9,191,198,2026
14,191,5,2026
16,191,5,2026
17,191,9939,2026
2,192,175,2026
3,192,190,2026
7,192,28222,2026
9,192,5375,2026
10,192,170,2026
14,192,125,2026
15,192,350,2026
17,192,340,2026
18,192,510,2026
1,193,717,2026
2,193,3485,2026
3,193,228,2026
4,193,7,2026
7,193,77632,2026
8,193,116,2026
9,193,791,2026
13,193,2997,2026
14,193,390,2026
15,193,331,2026
16,193,15,2026
17,193,480,2026
18,193,6825,2026
1,194,45,2026
2,194,35,2026
7,194,8001,2026
9,194,746,2026
13,194,60,2026
18,194,1455,2026
2,195,123,2026
3,195,110,2026
4,195,320,2026
7,195,46556,2026
8,195,115,2026
9,195,350,2026
15,195,341,2026
16,195,295,2026
17,195,755,2026
18,195,500,2026
1,196,40,2026
7,196,3586,2026
9,196,115,2026
13,196,5,2026
18,196,15,2026
1,197,374,2026
2,197,75,2026
3,197,2406,2026
4,197,1339,2026
7,197,71098,2026
8,197,1714,2026
9,197,11538,2026
13,197,452,2026
14,197,404,2026
15,197,3407,2026
16,197,260,2026
17,197,4832,2026
2,198,433,2026
3,198,1476,2026
4,198,490,2026
7,198,37251,2026
8,198,1388,2026
9,198,3582,2026
13,198,130,2026
14,198,1214,2026
15,198,929,2026
16,198,193,2026
17,198,2466,2026
18,198,5712,2026
1,199,897,2026
2,199,3,2026
3,199,46,2026
4,199,206,2026
7,199,7431,2026
8,199,150,2026
9,199,3232,2026
15,199,402,2026
18,199,1949,2026
9,200,1733,2026
7,19,7601,2025
1,20,4739,2025
7,20,51185,2025
1,21,25845,2025
7,21,37077,2025
18,21,2642,2025
1,22,35505,2025
7,22,26228,2025
18,22,123166,2025
7,23,1586,2025
2,24,220,2025
7,24,3195,2025
7,25,100,2025
7,26,2869,2025
1,27,285,2025
2,27,21262,2025
7,27,70,2025
13,27,2268,2025
1,28,7808,2025
2,28,18208,2025
3,28,59,2025
5,28,25,2025
7,28,28694,2025
9,28,100,2025
13,28,14898,2025
14,28,105,2025
15,28,420,2025
2,29,17407,2025
7,29,3920,2025
15,29,170,2025
1,30,3159,2025
2,30,85603,2025
7,30,8231,2025
13,30,2605,2025
14,30,80,2025
1,31,22842,2025
2,31,32634,2025
7,31,80334,2025
8,31,105,2025
9,31,720,2025
13,31,42194,2025
14,31,475,2025
15,31,270,2025
16,31,45,2025
18,31,160,2025
1,32,1985,2025
2,32,42790,2025
5,32,110,2025
7,32,1770,2025
9,32,50,2025
13,32,505,2025
15,32,65,2025
18,32,70,2025
1,33,60,2025
2,33,7615,2025
7,33,3776,2025
13,33,375,2025
3,34,11155,2025
8,34,50,2025
16,34,58800,2025
3,35,32090,2025
3,36,74410,2025
7,36,205,2025
8,36,1448,2025
14,36,7500,2025
3,37,28750,2025
3,38,54558,2025
7,38,1050,2025
8,38,104619,2025
14,38,2680,2025
3,39,57625,2025
14,39,2255,2025
15,39,3425,2025
16,39,1750,2025
3,40,82055,2025
7,40,84,2025
8,40,115,2025
14,40,400,2025
16,40,3508,2025
3,41,131479,2025
7,41,1590,2025
8,41,25862,2025
14,41,23207,2025
16,41,1500,2025
3,42,210793,2025
7,42,15,2025
8,42,2465,2025
9,42,23,2025
14,42,11,2025
16,42,4500,2025
4,43,600,2025
7,43,40610,2025
14,43,2000,2025
17,43,665,2025
1,44,200,2025
4,44,12761,2025
7,44,31810,2025
8,44,450,2025
9,44,190,2025
3,45,1000,2025
4,45,83450,2025
7,45,40325,2025
8,45,16815,2025
9,45,3910,2025
14,45,70880,2025
17,45,65,2025
3,46,450,2025
4,46,615,2025
7,46,44625,2025
8,46,25,2025
14,46,3570,2025
17,46,4452,2025
4,47,15400,2025
7,47,33750,2025
14,47,10550,2025
1,48,200,2025
4,48,20100,2025
7,48,10,2025
9,48,390,2025
14,48,4540,2025
4,49,15500,2025
7,49,49420,2025
14,49,2000,2025
17,49,300,2025
4,50,5610,2025
7,50,59555,2025
8,50,23115,2025
14,50,112380,2025
16,50,25,2025
4,51,6325,2025
7,51,64335,2025
8,51,1230,2025
9,51,120,2025
14,51,9600,2025
1,52,12829,2025
7,52,831,2025
13,52,100,2025
7,53,15725,2025
13,53,6508,2025
7,54,11449,2025
1,55,11513,2025
7,55,20738,2025
8,55,635,2025
13,55,15152,2025
14,55,240,2025
1,56,10985,2025
7,56,17305,2025
13,56,1000,2025
1,57,28403,2025
7,57,11200,2025
8,57,172,2025
13,57,1300,2025
1,58,20077,2025
2,58,4153,2025
7,58,35415,2025
1,59,12038,2025
5,59,8930,2025
7,59,20710,2025
8,59,833,2025
7,60,56917,2025
1,61,35503,2025
3,61,15,2025
5,61,275,2025
7,61,56061,2025
13,61,6110,2025
15,61,400,2025
1,62,98051,2025
2,62,2265,2025
7,62,198684,2025
13,62,32695,2025
1,63,8082,2025
7,63,7830,2025
13,63,1503,2025
1,64,42126,2025
7,64,43510,2025
1,65,65341,2025
7,65,85814,2025
13,65,10200,2025
1,66,1000,2025
6,66,3325,2025
7,66,1045,2025
1,67,1825,2025
7,67,350,2025
1,68,1735,2025
7,68,3120,2025
1,69,4980,2025
7,69,7919,2025
13,69,570,2025
1,70,20488,2025
7,70,2112,2025
1,71,895,2025
6,71,1500,2025
7,71,3370,2025
1,72,1105,2025
6,72,1000,2025
7,72,1430,2025
1,73,6145,2025
7,73,1110,2025
1,74,141,2025
7,74,25557,2025
1,75,1563,2025
7,75,13039,2025
8,75,74,2025
9,75,92,2025
18,75,998,2025
1,76,606,2025
7,76,20903,2025
8,76,5,2025
13,76,75,2025
14,76,5,2025
1,77,5875,2025
7,77,14115,2025
13,77,50,2025
1,78,30,2025
7,78,5885,2025
1,79,433,2025
7,79,8854,2025
13,79,55,2025
7,80,400,2025
8,80,632290,2025
7,81,25,2025
8,81,49165,2025
14,81,165,2025
4,82,5763,2025
7,82,4335,2025
8,82,4302,2025
9,82,105,2025
14,82,1024,2025
16,82,35,2025
8,83,19850,2025
3,84,335,2025
8,84,16039,2025
14,84,938,2025
16,84,600,2025
8,85,2740,2025
4,86,3,2025
8,86,202489,2025
14,86,24052,2025
3,87,2970,2025
7,87,1770,2025
8,87,87551,2025
14,87,2165,2025
16,87,5300,2025
7,88,1225,2025
8,88,16680,2025
14,88,1435,2025
7,89,15,2025
8,89,2295,2025
14,89,200,2025
16,89,170,2025
3,90,20,2025
7,90,365,2025
8,90,197699,2025
14,90,150,2025
16,90,10,2025
8,91,56139,2025
14,91,165,2025
3,92,19087,2025
7,92,850,2025
8,92,36419,2025
14,92,4285,2025
16,92,18341,2025
3,93,4638,2025
8,93,221210,2025
14,93,12236,2025
3,94,45,2025
7,94,65,2025
8,94,15262,2025
14,94,130,2025
8,95,39515,2025
2,58,519,2025
7,58,26005,2025
9,58,5596,2025
15,58,7421,2025
17,58,94,2025
1,97,1553,2025
7,97,31396,2025
9,97,1340,2025
7,98,7130,2025
17,98,198,2025
7,99,5741,2025
9,99,3304,2025
11,99,10,2025
12,99,5,2025
14,99,5,2025
15,99,50,2025
17,99,80,2025
18,99,5,2025
2,100,176,2025
3,100,756,2025
4,100,61,2025
7,100,13313,2025
8,100,332,2025
9,100,10926,2025
14,100,614,2025
15,100,15830,2025
16,100,235,2025
17,100,6850,2025
18,100,315,2025
7,101,2938,2025
9,101,1030,2025
7,102,15156,2025
9,102,125,2025
1,103,5,2025
2,103,297,2025
5,103,20,2025
7,103,20278,2025
9,103,7857,2025
15,103,10942,2025
17,103,135,2025
1,104,6945,2025
7,104,100893,2025
8,104,5487,2025
9,104,3015,2025
13,104,1983,2025
14,104,10,2025
1,105,4422,2025
7,105,55013,2025
9,105,15,2025
13,105,183,2025
15,105,4023,2025
18,105,5,2025
1,106,7530,2025
7,106,58499,2025
8,106,354,2025
9,106,461,2025
13,106,1095,2025
14,106,14,2025
18,106,56,2025
1,107,1750,2025
5,107,95,2025
7,107,31186,2025
8,107,50,2025
9,107,80,2025
10,107,475,2025
12,107,10,2025
13,107,665,2025
14,107,25,2025
18,107,150,2025
1,108,8500,2025
6,108,5,2025
7,108,82945,2025
8,108,215,2025
9,108,350,2025
10,108,342,2025
13,108,3270,2025
14,108,205,2025
15,108,90,2025
16,108,125,2025
18,108,90,2025
1,109,6595,2025
5,109,300,2025
6,109,250,2025
7,109,39997,2025
8,109,745,2025
9,109,365,2025
10,109,1879,2025
12,109,15,2025
13,109,2615,2025
14,109,400,2025
18,109,180,2025
1,110,9103,2025
7,110,109856,2025
8,110,18,2025
9,110,362,2025
10,110,5795,2025
13,110,3377,2025
11,111,205,2025
1,112,30,2025
7,112,5,2025
11,112,2000,2025
13,112,5,2025
1,113,485,2025
7,113,1035,2025
11,113,595,2025
13,113,145,2025
14,113,10,2025
7,114,327,2025
9,114,25,2025
11,114,564,2025
15,114,5,2025
1,115,630,2025
2,115,90,2025
3,115,10,2025
5,115,65,2025
7,115,950,2025
11,115,2525,2025
13,115,285,2025
15,115,5,2025
16,115,5,2025
11,116,346,2025
1,117,45791,2025
2,117,163,2025
3,117,65,2025
4,117,50,2025
5,117,1794,2025
6,117,21,2025
7,117,113647,2025
8,117,5737,2025
9,117,6076,2025
11,117,13387,2025
12,117,286,2025
13,117,12765,2025
14,117,3232,2025
15,117,3060,2025
16,117,155,2025
17,117,7,2025
18,117,1151,2025
1,118,530,2025
7,118,2738,2025
8,118,210,2025
9,118,162,2025
11,118,1230,2025
13,118,230,2025
14,118,40,2025
1,119,3080,2025
3,119,42,2025
4,119,15,2025
7,119,4063,2025
8,119,490,2025
9,119,450,2025
11,119,645,2025
13,119,1002,2025
14,119,367,2025
15,119,278,2025
16,119,216,2025
17,119,10,2025
18,119,165,2025
1,120,240,2025
7,120,420,2025
9,120,30,2025
11,120,8973,2025
13,120,315,2025
18,120,20,2025
1,121,10488,2025
7,121,53977,2025
9,121,55,2025
12,121,12500,2025
13,121,1640,2025
1,122,4616,2025
4,122,50,2025
7,122,126467,2025
13,122,1621,2025
15,122,30,2025
7,123,4878,2025
9,123,10,2025
1,124,23324,2025
7,124,123990,2025
12,124,17528,2025
13,124,907,2025
15,124,35,2025
16,124,50,2025
1,125,17033,2025
7,125,91818,2025
9,125,112,2025
13,125,5773,2025
14,125,38,2025
1,126,40552,2025
2,126,262,2025
7,126,104405,2025
9,126,10,2025
13,126,17984,2025
1,127,37511,2025
3,127,325,2025
7,127,211841,2025
8,127,45,2025
9,127,444,2025
12,127,20479,2025
14,127,205,2025
16,127,165,2025
1,128,141,2025
2,128,68,2025
7,128,405,2025
13,128,88,2025
1,129,1046,2025
2,129,7569,2025
7,129,3427,2025
13,129,174,2025
1,130,7031,2025
2,130,291,2025
7,130,19891,2025
13,130,1344,2025
1,131,3190,2025
2,131,11439,2025
7,131,7284,2025
13,131,1613,2025
1,13,6006,2025
2,13,419,2025
7,13,17031,2025
13,13,2960,2025
1,133,2612,2025
7,133,18778,2025
13,133,75,2025
1,134,3060,2025
2,134,715,2025
7,134,12788,2025
13,134,1169,2025
14,135,37790,2025
8,136,2570,2025
14,136,4230,2025
15,136,50,2025
3,137,1025,2025
14,137,15225,2025
3,138,750,2025
4,138,900,2025
7,138,1700,2025
8,138,700,2025
14,138,96580,2025
16,138,500,2025
3,139,1326,2025
4,139,2109,2025
14,139,468938,2025
16,139,1445,2025
1,140,60,2025
3,140,2100,2025
4,140,800,2025
7,140,9855,2025
8,140,5070,2025
14,140,174510,2025
16,140,3000,2025
1,141,35,2025
4,141,1100,2025
7,141,125,2025
14,141,6270,2025
3,142,2250,2025
7,142,1625,2025
8,142,885,2025
14,142,28531,2025
16,142,250,2025
4,143,11628,2025
14,143,128014,2025
3,144,1938,2025
7,144,5,2025
14,144,152003,2025
18,144,12,2025
7,145,2700,2025
14,145,40433,2025
3,146,3750,2025
14,146,5340,2025
8,147,6790,2025
14,147,74190,2025
8,148,250,2025
14,148,28505,2025
4,149,750,2025
8,149,1105,2025
14,149,76902,2025
16,149,175,2025
8,150,4480,2025
14,150,314337,2025
16,150,9833,2025
3,151,1240,2025
7,151,208,2025
14,151,29173,2025
3,152,650,2025
8,152,8801,2025
14,152,35705,2025
7,153,130,2025
8,153,450,2025
14,153,920,2025
1,154,75,2025
7,154,300,2025
14,154,20775,2025
14,155,3835,2025
1,156,1760,2025
2,156,422,2025
7,156,13130,2025
9,156,4895,2025
15,156,46635,2025
1,157,1130,2025
2,157,175,2025
7,157,13186,2025
9,157,3762,2025
13,157,410,2025
15,157,41087,2025
7,158,4372,2025
9,158,7560,2025
15,158,14496,2025
1,159,70,2025
7,159,2001,2025
9,159,290,2025
13,159,5,2025
14,159,10,2025
15,159,4912,2025
7,160,1770,2025
9,160,40,2025
15,160,7385,2025
1,161,395,2025
7,161,3865,2025
9,161,250,2025
15,161,17504,2025
17,161,20,2025
15,162,38985,2025
17,162,45,2025
1,163,15,2025
3,163,282,2025
7,163,1137,2025
9,163,165,2025
14,163,250,2025
15,163,345,2025
18,163,59,2025
7,164,1370,2025
15,164,3361,2025
7,165,7118,2025
9,165,5,2025
15,165,31777,2025
17,165,5120,2025
7,166,3170,2025
15,166,11953,2025
7,167,2484,2025
9,167,697,2025
15,167,52270,2025
17,167,180,2025
7,168,6649,2025
9,168,295,2025
14,168,5,2025
15,168,71059,2025
17,168,6497,2025
18,168,10,2025
1,169,245,2025
7,169,1865,2025
8,169,5,2025
9,169,10,2025
14,169,10,2025
15,169,8404,2025
1,170,605,2025
3,170,2305,2025
4,170,2445,2025
5,170,40,2025
7,170,8995,2025
8,170,8855,2025
9,170,55,2025
13,170,50,2025
14,170,7295,2025
16,170,51035,2025
17,170,65,2025
18,170,75,2025
7,171,130,2025
14,171,135,2025
16,171,2125,2025
1,172,255,2025
3,172,6140,2025
4,172,185,2025
7,172,965,2025
8,172,335,2025
14,172,1305,2025
16,172,11410,2025
3,173,350,2025
7,173,25,2025
14,173,60,2025
16,173,25395,2025
1,174,100,2025
7,174,140,2025
8,174,150,2025
16,174,51705,2025
1,175,40,2025
3,175,10160,2025
7,175,135,2025
8,175,415,2025
14,175,810,2025
16,175,51805,2025
8,176,55,2025
14,176,105,2025
16,176,30547,2025
16,177,32425,2025
1,178,390,2025
2,178,150,2025
3,178,45,2025
7,178,8395,2025
9,178,3069,2025
14,178,225,2025
15,178,3887,2025
17,178,15466,2025
18,178,160,2025
7,179,3550,2025
14,179,130,2025
17,179,18733,2025
7,180,8615,2025
17,180,13926,2025
4,181,9160,2025
7,181,6279,2025
8,181,567,2025
9,181,1265,2025
14,181,150,2025
17,181,79304,2025
7,182,1107,2025
9,182,6596,2025
15,182,50,2025
17,182,1955,2025
18,182,5,2025
2,183,35,2025
7,183,1029,2025
9,183,746,2025
15,183,3972,2025
17,183,15770,2025
3,184,420,2025
7,184,2955,2025
9,184,5,2025
17,184,33588,2025
2,185,6,2025
3,185,20,2025
7,185,15788,2025
8,185,279,2025
9,185,1040,2025
14,185,25,2025
15,185,305,2025
17,185,30249,2025
4,186,64,2025
7,186,7683,2025
9,186,10,2025
14,186,20,2025
15,186,195,2025
17,186,26969,2025
1,187,35,2025
4,187,5,2025
7,187,1830,2025
9,187,1181,2025
15,187,425,2025
17,187,7158,2025
3,188,54,2025
4,188,3055,2025
7,188,1469,2025
16,188,51,2025
17,188,27958,2025
4,189,1725,2025
7,189,4716,2025
8,189,3373,2025
9,189,810,2025
14,189,712,2025
17,189,2597,2025
4,190,516,2025
7,190,645,2025
9,190,160,2025
15,190,3128,2025
17,190,13079,2025
7,191,3519,2025
8,191,728,2025
9,191,203,2025
17,191,2604,2025
2,192,175,2025
7,192,69750,2025
9,192,13,2025
14,192,24,2025
15,192,500,2025
18,192,5401,2025
1,193,7048,2025
2,193,13173,2025
3,193,170,2025
7,193,94170,2025
9,193,1448,2025
13,193,6271,2025
14,193,2606,2025
15,193,2564,2025
18,193,9033,2025
1,194,593,2025
2,194,35,2025
7,194,16009,2025
13,194,68,2025
18,194,10280,2025
2,195,253,2025
7,195,51014,2025
8,195,116,2025
9,195,240,2025
15,195,55,2025
18,195,700,2025
1,196,2507,2025
7,196,20116,2025
9,196,139,2025
13,196,50,2025
18,196,3595,2025
1,197,26599,2025
2,197,85,2025
3,197,23,2025
7,197,120582,2025
8,197,328,2025
9,197,5357,2025
13,197,945,2025
14,197,334,2025
15,197,1606,2025
16,197,75,2025
2,198,495,2025
4,198,430,2025
7,198,101844,2025
8,198,100,2025
9,198,805,2025
13,198,3541,2025
14,198,387,2025
15,198,785,2025
17,198,120,2025
18,198,14593,2025
1,199,1689,2025
2,199,21,2025
3,199,120,2025
4,199,117,2025
7,199,10505,2025
9,199,1415,2025
15,199,45,2025
18,199,1340,2025
9,200,45,2025
1,123,130,2025
1,83,65,2025
1,60,8460,2025
1,111,8,2025
1,198,21507,2025
1,54,20023,2025
1,195,357,2025
1,114,45,2025
1,25,1340,2025
1,7,225,2025
1,26,3023,2025
1,19,3500,2025
1,29,833,2025
1,202,1420,2025
1,192,3849,2025
1,200,695,2025
1,58,25,2025
1,53,18809,2025
2,109,5,2025
2,124,25,2025
2,118,5,2025
2,121,10,2025
2,54,1025,2025
2,59,550,2025
3,82,25,2025
3,75,31,2025
3,109,5,2025
3,83,40,2025
3,59,1540,2025
4,80,46000,2025
4,88,107,2025
4,59,250,2025
4,127,80,2025
4,83,100,2025
4,104,45,2025
5,119,150,2025
5,54,255,2025
5,53,1674,2025
5,110,574,2025
5,118,20,2025
6,61,35,2025
6,106,75,2025
7,202,1500,2025
7,200,6598,2025
7,7,6521,2025
7,86,210,2025
7,111,12,2025
7,83,255,2025
8,54,262,2025
8,203,6145,2025
8,114,15,2025
9,59,5,2025
9,29,15,2025
9,83,320,2025
9,55,350,2025
10,105,1005,2025
10,117,176,2025
10,104,620,2025
10,106,1760,2025
12,126,2501,2025
12,97,10,2025
12,28,55,2025
12,123,284,2025
12,108,10,2025
13,54,12934,2025
13,111,10,2025
13,29,820,2025
13,127,1055,2025
13,74,130,2025
13,58,10650,2025
13,75,118,2025
13,64,2850,2025
13,21,990,2025
13,60,297,2025
13,68,630,2025
13,123,30,2025
13,97,230,2025
13,22,720,2025
14,121,115,2025
14,59,590,2025
14,29,20,2025
14,110,35,2025
14,83,185,2025
14,44,25,2025
14,80,20175,2025
15,59,10,2025
15,184,5,2025
15,110,10,2025
15,97,320,2025
15,118,15,2025
15,127,115,2025
16,59,1275,2025
16,121,120,2025
16,28,205,2025
16,118,5,2025
16,94,55,2025
17,118,40,2025
17,110,6,2025
17,82,145,2025
17,114,5,2025
17,83,20,2025
17,106,9,2025
18,33,10,2025
18,197,1193,2025
18,200,1893,2025
18,110,6,2025
18,123,15,2025
18,124,75,2025
18,118,105,2025
18,97,20,2025
18,161,80,2025
18,28,165,2025
18,29,15,2025
18,61,1000,2025
18,104,531,2025
7,19,44593,2024
1,20,5934,2024
7,20,61503,2024
1,21,28992,2024
7,21,18042,2024
1,22,42161,2024
7,22,31600,2024
18,22,3842,2024
7,23,5525,2024
7,24,8022,2024
7,25,19635,2024
7,26,7858,2024
7,27,1060,2024
1,28,5390,2024
7,28,30635,2024
13,28,131,2024
14,28,20,2024
15,28,645,2024
7,29,1700,2024
1,30,1620,2024
7,30,6535,2024
1,31,5478,2024
7,31,78542,2024
8,31,5,2024
9,31,35,2024
13,31,120,2024
14,31,115,2024
15,31,385,2024
1,32,822,2024
7,32,1973,2024
7,33,1285,2024
16,34,52700,2024
3,36,35160,2024
7,36,205,2024
8,36,360,2024
14,36,7500,2024
3,37,2625,2024
3,38,11980,2024
7,38,1050,2024
8,38,70785,2024
14,38,2680,2024
3,39,36375,2024
14,39,3775,2024
16,39,1750,2024
3,40,16430,2024
14,40,400,2024
16,40,1200,2024
3,41,70385,2024
7,41,1500,2024
8,41,2350,2024
14,41,5000,2024
16,41,1500,2024
3,42,98330,2024
16,42,4500,2024
4,43,1250,2024
7,43,40610,2024
14,43,2250,2024
17,43,665,2024
4,44,10000,2024
7,44,31560,2024
8,44,330,2024
4,45,17000,2024
7,45,36025,2024
8,45,7815,2024
9,45,3910,2024
14,45,68005,2024
17,45,65,2024
4,46,615,2024
7,46,44625,2024
14,46,3120,2024
17,46,655,2024
4,47,12500,2024
7,47,33750,2024
14,47,7200,2024
4,48,15500,2024
14,48,4400,2024
4,49,15500,2024
7,49,49420,2024
14,49,2000,2024
17,49,300,2024
4,50,2745,2024
7,50,59555,2024
8,50,6455,2024
14,50,109930,2024
4,51,225,2024
7,51,63085,2024
8,51,200,2024
14,51,13175,2024
1,52,265,2024
7,52,3530,2024
7,53,24976,2024
7,54,13996,2024
1,55,5025,2024
7,55,11960,2024
8,55,690,2024
14,55,240,2024
1,56,11935,2024
7,56,20970,2024
1,57,6168,2024
7,57,20355,2024
8,57,172,2024
1,58,6275,2024
7,58,39280,2024
1,59,8691,2024
7,59,15980,2024
8,59,433,2024
7,60,12202,2024
1,61,7645,2024
7,61,44925,2024
1,62,17195,2024
7,62,111564,2024
1,63,5368,2024
7,63,19295,2024
1,64,4006,2024
7,64,47170,2024
1,65,40320,2024
7,65,79112,2024
1,66,520,2024
7,66,1045,2024
1,67,415,2024
7,67,215,2024
1,68,1145,2024
7,68,2620,2024
7,69,8209,2024
1,70,850,2024
7,70,3217,2024
1,71,550,2024
7,71,3415,2024
1,72,880,2024
7,72,1430,2024
7,74,11160,2024
1,75,30,2024
7,75,3162,2024
1,76,15,2024
7,76,13559,2024
1,77,1355,2024
7,77,10230,2024
1,78,25,2024
7,78,7154,2024
7,79,7786,2024
7,80,400,2024
8,80,160194,2024
7,81,25,2024
8,81,6980,2024
14,81,165,2024
7,82,4335,2024
8,82,2021,2024
9,82,105,2024
14,82,1024,2024
16,82,35,2024
8,83,5240,2024
3,84,335,2024
8,84,1330,2024
14,84,45,2024
16,84,600,2024
8,85,1835,2024
4,86,108,2024
8,86,8790,2024
14,86,7680,2024
3,87,2970,2024
7,87,1520,2024
8,87,4150,2024
14,87,1215,2024
16,87,5300,2024
7,88,1225,2024
8,88,7280,2024
14,88,1435,2024
7,89,15,2024
8,89,1230,2024
14,89,105,2024
16,89,170,2024
8,90,104230,2024
8,91,32110,2024
14,91,165,2024
3,92,4525,2024
7,92,850,2024
8,92,900,2024
14,92,4285,2024
16,92,6785,2024
8,93,92270,2024
14,93,250,2024
3,94,45,2024
7,94,65,2024
8,94,810,2024
14,94,130,2024
8,95,37920,2024
7,58,27785,2024
9,58,5453,2024
15,58,960,2024
1,97,1648,2024
7,97,28393,2024
9,97,1290,2024
7,98,6741,2024
7,99,6253,2024
9,99,1812,2024
7,100,8999,2024
9,100,10018,2024
15,100,2100,2024
17,100,365,2024
18,100,125,2024
7,101,2438,2024
7,102,14846,2024
7,103,26915,2024
9,103,3986,2024
1,104,361,2024
7,104,64174,2024
13,104,25,2024
1,105,2364,2024
7,105,50734,2024
1,106,2820,2024
7,106,57704,2024
13,106,78,2024
1,107,1220,2024
7,107,39155,2024
7,108,55292,2024
1,109,697,2024
7,109,47595,2024
1,110,1931,2024
7,110,80680,2024
13,110,200,2024
1,112,57,2024
7,112,75,2024
13,112,13,2024
1,113,225,2024
7,113,885,2024
14,113,10,2024
7,114,465,2024
9,114,15,2024
1,115,385,2024
7,115,810,2024
1,117,61373,2024
3,117,71,2024
7,117,150553,2024
8,117,5031,2024
9,117,5138,2024
13,117,2199,2024
14,117,3058,2024
15,117,3065,2024
16,117,191,2024
18,117,875,2024
1,118,730,2024
7,118,4280,2024
9,118,70,2024
13,118,37,2024
14,118,10,2024
1,119,888,2024
3,119,75,2024
7,119,4333,2024
8,119,20,2024
9,119,125,2024
13,119,10,2024
14,119,197,2024
15,119,163,2024
16,119,185,2024
1,120,40,2024
7,120,565,2024
9,120,10,2024
15,120,5,2024
7,121,64637,2024
8,121,107,2024
1,122,4663,2024
7,122,147091,2024
13,122,15,2024
7,123,27445,2024
1,124,1760,2024
7,124,109003,2024
1,125,5799,2024
7,125,158236,2024
1,126,984,2024
7,126,17235,2024
1,127,1935,2024
3,127,65,2024
7,127,170175,2024
8,127,50,2024
9,127,25,2024
1,128,4960,2024
7,128,41435,2024
13,128,2400,2024
1,129,13594,2024
7,129,35080,2024
13,129,1882,2024
1,130,10417,2024
7,130,50066,2024
13,130,1980,2024
1,131,13590,2024
7,131,52600,2024
13,131,3295,2024
1,13,32213,2024
7,13,84923,2024
13,13,26253,2024
1,133,10903,2024
7,133,47544,2024
13,133,1807,2024
1,134,18074,2024
7,134,42198,2024
13,134,1309,2024
14,135,2795,2024
8,136,1365,2024
14,136,8675,2024
3,137,1025,2024
14,137,9575,2024
3,138,2350,2024
7,138,3525,2024
8,138,4705,2024
14,138,89975,2024
16,138,1175,2024
14,139,141693,2024
3,140,2000,2024
7,140,9000,2024
8,140,5020,2024
14,140,154430,2024
16,140,3000,2024
14,141,2910,2024
3,142,2250,2024
7,142,1625,2024
8,142,885,2024
14,142,24985,2024
16,142,250,2024
14,143,1925,2024
3,144,1040,2024
14,144,60160,2024
7,145,2500,2024
14,145,26860,2024
3,146,50,2024
14,146,5325,2024
8,147,375,2024
14,147,26145,2024
14,148,6495,2024
14,149,77790,2024
16,149,175,2024
14,151,9875,2024
3,152,650,2024
8,152,210,2024
14,152,29895,2024
14,154,19625,2024
14,155,2725,2024
1,156,1833,2024
7,156,14484,2024
9,156,245,2024
15,156,1650,2024
1,157,790,2024
7,157,13146,2024
9,157,3330,2024
13,157,165,2024
15,157,1103,2024
7,158,6285,2024
9,158,600,2024
15,158,926,2024
1,159,5,2024
7,159,1798,2024
9,159,81,2024
15,159,35,2024
7,160,1804,2024
9,160,30,2024
15,160,3563,2024
1,161,260,2024
7,161,3850,2024
9,161,227,2024
15,161,1347,2024
17,161,20,2024
15,162,28675,2024
1,163,15,2024
7,163,1137,2024
9,163,5,2024
18,163,59,2024
7,164,1420,2024
7,165,8045,2024
9,165,5,2024
15,165,5920,2024
7,166,1900,2024
7,167,2484,2024
9,167,697,2024
15,167,53445,2024
7,168,6625,2024
9,168,295,2024
15,168,5779,2024
17,168,10,2024
18,168,10,2024
7,169,2013,2024
3,170,900,2024
4,170,1500,2024
7,170,1425,2024
14,170,6315,2024
16,170,21280,2024
14,171,195,2024
16,171,755,2024
3,172,2615,2024
4,172,185,2024
7,172,755,2024
14,172,885,2024
16,172,1985,2024
16,173,13435,2024
7,174,434,2024
8,174,311,2024
16,174,40900,2024
16,175,10920,2024
14,176,1030,2024
16,176,40165,2024
16,177,26225,2024
7,178,7835,2024
9,178,1904,2024
7,179,3581,2024
14,179,100,2024
17,179,610,2024
7,180,7105,2024
17,180,8925,2024
7,181,5731,2024
9,181,355,2024
14,181,60,2024
17,181,20315,2024
7,182,517,2024
9,182,5882,2024
17,182,100,2024
7,183,1139,2024
9,183,376,2024
15,183,4455,2024
7,184,2795,2024
9,184,5,2024
17,184,1440,2024
7,185,15754,2024
8,185,8,2024
9,185,548,2024
15,185,6,2024
17,185,725,2024
7,186,6823,2024
9,186,35,2024
15,186,145,2024
17,186,6325,2024
4,187,5,2024
7,187,1368,2024
9,187,156,2024
17,187,865,2024
7,188,149,2024
17,188,24480,2024
7,189,4774,2024
8,189,71,2024
9,189,987,2024
14,189,90,2024
17,189,1195,2024
7,190,165,2024
9,190,160,2024
15,190,912,2024
17,190,515,2024
7,191,3634,2024
8,191,741,2024
9,191,191,2024
17,191,169,2024
7,192,85921,2024
1,193,7164,2024
7,193,95252,2024
9,193,220,2024
18,193,512,2024
1,194,140,2024
7,194,14810,2024
18,194,319,2024
7,195,46755,2024
18,195,49,2024
1,196,2219,2024
7,196,27753,2024
9,196,49,2024
13,196,55,2024
18,196,3593,2024
1,197,29770,2024
7,197,90448,2024
7,198,79213,2024
18,198,208,2024
7,199,17483,2024
16,118,5,2024
7,116,300,2024
9,83,320,2024
14,83,185,2024
17,83,20,2024
8,203,570,2024
1,114,105,2024
1,123,1950,2024
8,178,25,2024
16,94,55,2024
1,58,25,2024
13,97,235,2024
15,97,600,2024
4,83,100,2024
7,111,190,2024
3,83,40,2024
15,118,15,2024
8,112,15,2024
9,112,25,2024
15,116,10,2024
14,112,40,2024
1,19,11562,2024
9,116,10,2024
18,200,2409,2024
8,114,10,2024
14,114,5,2024
15,184,5,2024
8,116,15,2024
1,116,10,2024
1,111,20,2024
14,44,25,2024
7,200,10018,2024
1,200,1448,2024
13,22,120,2024
1,23,18173,2024
1,24,14133,2024
1,198,9552,2024
18,197,250,2024
1,25,12128,2024
1,26,27273,2024
3,171,5,2024
18,161,75,2024
18,28,50,2024
7,83,255,2024
13,29,450,2024
7,86,211,2024
1,53,44221,2024
1,195,102,2024
1,54,17494,2024
8,54,262,2024
9,55,350,2024
14,59,55,2024
1,202,20,2024
7,7,1615,2024
14,80,18539,2024
3,82,25,2024
1,192,470,2024
17,82,145,2024
1,83,65,2024
1,29,380,2024
